{
  "XGBoost MSME @0.50": {
    "label": "XGBoost MSME @0.50",
    "threshold": 0.5,
    "accuracy": 0.9994666666666666,
    "precision": 0.9968652037617555,
    "recall": 1.0,
    "f1": 0.9984301412872841,
    "log_loss": 0.001551153720356524,
    "roc_auc": 0.9999988639255463,
    "tn": 6224,
    "fp": 4,
    "fn": 0,
    "tp": 1272
  },
  "XGBoost MSME @0.30": {
    "label": "XGBoost MSME @0.30",
    "threshold": 0.3,
    "accuracy": 0.9992,
    "precision": 0.9953051643192489,
    "recall": 1.0,
    "f1": 0.9976470588235294,
    "log_loss": 0.001551153720356524,
    "roc_auc": 0.9999988639255463,
    "tn": 6222,
    "fp": 6,
    "fn": 0,
    "tp": 1272
  },
  "LR Baseline @0.50": {
    "label": "LR Baseline @0.50",
    "threshold": 0.5,
    "accuracy": 0.8405333333333334,
    "precision": 0.5193285859613428,
    "recall": 0.8026729559748428,
    "f1": 0.6306361951822113,
    "log_loss": 0.3714535928555092,
    "roc_auc": 0.915679291735841,
    "tn": 5283,
    "fp": 945,
    "fn": 251,
    "tp": 1021
  },
  "XGBoost Real @0.50": {
    "label": "XGBoost Real @0.50",
    "threshold": 0.5,
    "accuracy": 0.9996875,
    "precision": 0.9985714285714286,
    "recall": 1.0,
    "f1": 0.9992852037169406,
    "log_loss": 0.001592538901604712,
    "roc_auc": 0.9999995709870557,
    "tn": 5000,
    "fp": 2,
    "fn": 0,
    "tp": 1398
  },
  "XGBoost Real @0.63": {
    "label": "XGBoost Real @0.63",
    "threshold": 0.63,
    "accuracy": 0.9996875,
    "precision": 0.9985714285714286,
    "recall": 1.0,
    "f1": 0.9992852037169406,
    "log_loss": 0.001592538901604712,
    "roc_auc": 0.9999995709870557,
    "tn": 5000,
    "fp": 2,
    "fn": 0,
    "tp": 1398
  }
}